TIMESTAMP,RESPONSE_TIME,EXECUTION_TIME,SERVER_IP,STATE
1482823042169,362.072,154.732,129.59.234.136,0
1482823042487,311.29,154.502,129.59.234.136,0
1482823042816,320.711,154.583,129.59.234.136,0
1482823043124,300.435,156.936,129.59.234.136,0
1482823043461,330.547,155.413,129.59.234.136,0
1482823043784,315.609,156.222,129.59.234.136,0
1482823044068,277.343,155.786,129.59.234.136,0
1482823044385,311.433,156.08,129.59.234.136,0
1482823044712,320.191,157.729,129.59.234.136,0
1482823045027,308.498,157.708,129.59.234.136,0
1482823045336,302.667,155.325,129.59.234.136,0
1482823045623,279.261,156.199,129.59.234.136,0
1482823045942,312.618,156.111,129.59.234.136,0
1482823046238,288.542,156.283,129.59.234.136,0
1482823046556,311.54,156.393,129.59.234.136,0
1482823046905,327.934,156.936,129.59.234.136,0
1482823047219,306.988,157.007,129.59.234.136,0
1482823047533,306.268,157.678,129.59.234.136,0
1482823047842,300.621,157.007,129.59.234.136,0
1482823048140,291.283,156.641,129.59.234.136,0
1482823048476,329.55,156.388,129.59.234.136,0
1482823048784,300.706,156.51,129.59.234.136,0
1482823049074,283.158,157.848,129.59.234.136,0
1482823049387,305.599,156.774,129.59.234.136,0
1482823049690,296.362,156.385,129.59.234.136,0
1482823050008,310.798,155.451,129.59.234.136,0
1482823050318,303.639,156.664,129.59.234.136,0
1482823050618,293.799,156.43,129.59.234.136,0
1482823050923,297.881,156.836,129.59.234.136,0
1482823051245,315.53,157.317,129.59.234.136,0
1482823051571,318.222,156.872,129.59.234.136,0
1482823051891,309.259,157.751,129.59.234.136,0
1482823052211,313.786,155.999,129.59.234.136,0
1482823052533,314.838,156.872,129.59.234.136,0
1482823052863,321.471,157.569,129.59.234.136,0
1482823053223,354.255,156.601,129.59.234.136,0
1482823053545,315.74,158.065,129.59.234.136,0
1482823053856,304.338,156.384,129.59.234.136,0
1482823054169,305.316,157.499,129.59.234.136,0
1482823054510,333.952,157.331,129.59.234.136,0
1482823054806,288.851,156.534,129.59.234.136,0
1482823055117,304.062,156.702,129.59.234.136,0
1482823055435,310.442,155.93,129.59.234.136,0
1482823055760,317.23,156.323,129.59.234.136,0
1482823056087,320.442,156.6,129.59.234.136,0
1482823056422,327.393,155.711,129.59.234.136,0
1482823056726,296.435,157.977,129.59.234.136,0
1482823057048,313.712,157.34,129.59.234.136,0
1482823057376,320.757,156.526,129.59.234.136,0
1482823057691,309.987,156.411,129.59.234.136,0
1482823057999,297.719,156.89,129.59.234.136,0
1482823058314,308.616,157.61,129.59.234.136,0
1482823058619,298.775,155.319,129.59.234.136,0
1482823058948,321.825,155.811,129.59.234.136,0
1482823059278,322.06,157.888,129.59.234.136,0
1482823059597,312.085,157.418,129.59.234.136,0
1482823059910,305.798,156.055,129.59.234.136,0
1482823060221,304.393,157.478,129.59.234.136,0
1482823060507,276.288,159.009,129.59.234.136,0
1482823060795,281.538,158.703,129.59.234.136,0
1482823061092,290.936,158.983,129.59.234.136,0
1482823061371,272.548,157.054,129.59.234.136,0
1482823061653,275.601,157.175,129.59.234.136,0
1482823061945,285.981,157.016,129.59.234.136,0
1482823062238,284.744,156.304,129.59.234.136,0
1482823062530,284.957,156.12,129.59.234.136,0
1482823062821,281.985,155.936,129.59.234.136,0
1482823063118,290.108,156.076,129.59.234.136,0
1482823063406,281.205,154.329,129.59.234.136,0
1482823063685,272.339,154.068,129.59.234.136,0
1482823063981,289.35,155.227,129.59.234.136,0
1482823064256,268.44,157.012,129.59.234.136,0
1482823064551,287.86,155.875,129.59.234.136,0
1482823064852,295.262,156.087,129.59.234.136,0
1482823065143,280.926,156.916,129.59.234.136,0
1482823065431,281.186,156.527,129.59.234.136,0
1482823065725,286.908,155.839,129.59.234.136,0
1482823066015,283.039,156.293,129.59.234.136,0
1482823066309,288.262,157.127,129.59.234.136,0
1482823066620,304.332,156.391,129.59.234.136,0
1482823066925,298.403,171.419,129.59.234.136,0
1482823067227,294.48,156.625,129.59.234.136,0
1482823067511,275.637,156.59,129.59.234.136,1
1482823067802,282.545,155.499,129.59.234.136,1
1482823068097,288.384,156.741,129.59.234.136,1
1482823068383,279.912,155.402,129.59.234.136,1
1482823068674,283.937,155.788,129.59.234.136,2
1482823068970,288.802,155.282,129.59.234.136,2
1482823069260,283.52,156.923,129.59.234.136,2
1482823069545,277.591,156.295,129.59.234.136,2
1482823069833,278.826,155.064,129.59.234.136,2
1482823070115,275.464,155.574,129.59.234.136,2
1482823070390,268.206,155.851,129.59.234.136,2
1482823070668,270.972,155.473,129.59.234.136,2
1482823070949,273.719,156.494,129.59.234.136,2
1482823071238,281.999,159.314,129.59.234.136,2
1482823071515,270.695,156.996,129.59.234.136,2
1482823071792,269.533,156.963,129.59.234.136,2
1482823072079,277.584,157.863,129.59.234.136,2
1482823072381,295.561,157.594,129.59.234.136,2
1482823072672,280.348,157.609,129.59.234.136,2
1482823072967,288.326,158.656,129.59.234.136,2
1482823073270,296.033,161.13,129.59.234.136,2
1482823073543,265.727,157.987,129.59.234.136,2
1482823073832,282.765,155.224,129.59.234.136,2
1482823074136,296.998,155.866,129.59.234.136,2
1482823074426,281.561,155.411,129.59.234.136,2
1482823074716,283.313,155.096,129.59.234.136,2
1482823075001,278.11,155.046,129.59.234.136,2
1482823075300,292.152,156.159,129.59.234.136,2
1482823075581,273.684,155.811,129.59.234.136,2
1482823075864,276.058,155.105,129.59.234.136,2
1482823076145,274.328,154.954,129.59.234.136,2
1482823076441,288.601,155.929,129.59.234.136,2
1482823076722,273.003,155.302,129.59.234.136,2
1482823077004,275.043,157.206,129.59.234.136,2
1482823077290,279.536,157.547,129.59.234.136,2
1482823077575,277.941,155.798,129.59.234.136,2
1482823077896,309.122,157.268,129.59.234.136,2
1482823078181,279.444,157.301,129.59.234.136,2
1482823078470,282.168,157.016,129.59.234.136,2
1482823078764,287.771,156.488,129.59.234.136,2
1482823079047,273.899,157.302,129.59.234.136,2
1482823079335,281.084,157.206,129.59.234.136,2
1482823079625,284.516,156.144,129.59.234.136,2
1482823079912,279.192,156.003,129.59.234.136,2
1482823080205,287.379,156.368,129.59.234.136,2
1482823080497,285.248,156.667,129.59.234.136,2
1482823080793,288.965,156.448,129.59.234.136,2
1482823081088,288.005,157.456,129.59.234.136,2
1482823081374,280.106,157.617,129.59.234.136,2
1482823081660,279.015,157.195,129.59.234.136,2
1482823081954,287.104,156.954,129.59.234.136,2
1482823082233,272.549,155.894,129.59.234.136,2
1482823082517,277.266,156.335,129.59.234.136,2
1482823082809,284.479,156.302,129.59.234.136,2
1482823083082,263.734,156.802,129.59.234.136,2
1482823083369,280.262,156.382,129.59.234.136,2
1482823083663,285.455,155.617,129.59.234.136,2
1482823083954,283.874,155.851,129.59.234.136,2
1482823084238,277.638,155.155,129.59.234.136,2
1482823084533,287.928,154.22,129.59.234.136,2
1482823084825,284.891,155.923,129.59.234.136,2
1482823085114,281.812,155.953,129.59.234.136,2
1482823085398,277.206,155.002,129.59.234.136,2
1482823085688,282.501,155.826,129.59.234.136,2
1482823085977,280.258,155.686,129.59.234.136,2
1482823086264,280.118,155.482,129.59.234.136,2
1482823086550,278.56,155.444,129.59.234.136,2
1482823086843,285.791,155.087,129.59.234.136,2
1482823087140,290.52,156.831,129.59.234.136,2
1482823087431,284.109,156.217,129.59.234.136,2
1482823087716,277.646,155.911,129.59.234.136,2
1482823088006,282.639,155.461,129.59.234.136,2
1482823088295,277.929,155.835,129.59.234.136,2
1482823088593,291.222,156.354,129.59.234.136,2
1482823088882,281.526,156.621,129.59.234.136,2
1482823089168,279.564,156.474,129.59.234.136,2
1482823089442,266.704,157.072,129.59.234.136,2
1482823089739,290.147,155.074,129.59.234.136,2
1482823090022,277.033,156.279,129.59.234.136,2
1482823090324,294.98,154.943,129.59.234.136,2
1482823090608,275.704,157.608,129.59.234.136,2
1482823090896,280.86,157.118,129.59.234.136,2
1482823091190,286.691,157.26,129.59.234.136,2
1482823091476,278.814,157.802,129.59.234.136,2
1482823091774,291.027,156.895,129.59.234.136,2
1482823092065,284.657,156.097,129.59.234.136,2
1482823092370,297.969,156.791,129.59.234.136,2
1482823092670,292.721,156.114,129.59.234.136,2
1482823092958,279.618,156.41,129.59.234.136,2
1482823093241,275.991,156.073,129.59.234.136,2
1482823093549,299.381,156.515,129.59.234.136,2
1482823093831,274.927,155.794,129.59.234.136,2
1482823094120,282.68,158.021,129.59.234.136,2
1482823094402,276.312,157.172,129.59.234.136,2
1482823094691,282.16,156.908,129.59.234.136,2
1482823095006,308.121,157.232,129.59.234.136,2
1482823095286,271.79,157.053,129.59.234.136,2
1482823095587,294.19,157.23,129.59.234.136,2
1482823095884,290.346,156.748,129.59.234.136,2
1482823096174,283.047,157.76,129.59.234.136,2
1482823096486,304.438,156.704,129.59.234.136,2
1482823096776,283.614,156.706,129.59.234.136,2
1482823097058,274.322,157.042,129.59.234.136,2
1482823097351,286.585,157.849,129.59.234.136,2
1482823097648,288.226,155.48,129.59.234.136,2
1482823097950,294.725,155.719,129.59.234.136,2
1482823098242,285.236,156.067,129.59.234.136,2
1482823098543,290.825,156.57,129.59.234.136,2
1482823098828,278.026,156.316,129.59.234.136,2
1482823099114,278.946,156.012,129.59.234.136,2
1482823099406,285.272,156.163,129.59.234.136,2
1482823099700,286.522,154.726,129.59.234.136,2
1482823099986,279.837,154.683,129.59.234.136,2
1482823100273,280.303,155.554,129.59.234.136,2
1482823100573,293.19,154.295,129.59.234.136,2
1482823100866,285.887,155.048,129.59.234.136,2
1482823101153,280.322,155.594,129.59.234.136,3
1482823104580,391.197,324.211,129.59.105.87,3
1482823104780,190.686,127.751,129.59.105.87,3
1482823104954,161.93,95.978,129.59.105.87,3
1482823105181,191.23,140.305,129.59.105.87,3
1482823105372,183.033,141.903,129.59.105.87,3
1482823105548,156.955,109.696,129.59.105.87,3
1482823105727,135.706,96.54,129.59.105.87,3
1482823105935,143.442,96.813,129.59.105.87,3
1482823106179,187.326,143.98,129.59.105.87,3
1482823106364,172.628,129.045,129.59.105.87,3
1482823106536,141.86,97.494,129.59.105.87,3
1482823106729,136.833,97.003,129.59.105.87,3
1482823106935,142.437,99.103,129.59.105.87,3
1482823107163,170.113,129.941,129.59.105.87,3
1482823107329,136.14,96.131,129.59.105.87,3
1482823107530,136.808,96.563,129.59.105.87,3
1482823107733,139.65,95.825,129.59.105.87,3
1482823107934,141.235,98.168,129.59.105.87,3
1482823108132,135.678,97.535,129.59.105.87,3
1482823108333,139.264,98.644,129.59.105.87,3
1482823108532,138.53,97.86,129.59.105.87,3
1482823108731,136.676,97.676,129.59.105.87,3
1482823108962,167.303,124.626,129.59.105.87,3
1482823109134,140.677,98.732,129.59.105.87,3
1482823109334,137.872,97.987,129.59.105.87,3
1482823109540,145.025,97.909,129.59.105.87,3
1482823109736,138.217,96.715,129.59.105.87,3
1482823109936,140.09,97.397,129.59.105.87,3
1482823110137,141.649,98.357,129.59.105.87,3
1482823110366,170.015,129.775,129.59.105.87,3
1482823110547,151.302,109.641,129.59.105.87,3
1482823110732,135.869,96.88,129.59.105.87,3
1482823110941,144.296,98.923,129.59.105.87,3
1482823111144,148.544,107.07,129.59.105.87,3
1482823111339,139.226,99.011,129.59.105.87,3
1482823111538,140.573,97.18,129.59.105.87,3
1482823111740,143.332,98.478,129.59.105.87,3
1482823111939,141.29,97.353,129.59.105.87,3
1482823112135,138.005,97.634,129.59.105.87,3
1482823112328,131.242,96.191,129.59.105.87,3
1482823112537,138.62,96.178,129.59.105.87,3
1482823112740,141.815,97.576,129.59.105.87,3
1482823112940,142.258,100.579,129.59.105.87,3
1482823113142,143.325,99.353,129.59.105.87,3
1482823113360,160.421,122.044,129.59.105.87,3
1482823113537,137.864,97.243,129.59.105.87,3
1482823113743,143.001,96.899,129.59.105.87,3
1482823113943,143.087,98.8,129.59.105.87,3
1482823114144,144.257,100.373,129.59.105.87,3
1482823114369,169.112,126.023,129.59.105.87,3
1482823114590,187.083,143.458,129.59.105.87,3
1482823114762,163.221,123.845,129.59.105.87,3
1482823114950,149.145,107.674,129.59.105.87,3
1482823115147,146.116,100.844,129.59.105.87,3
1482823115338,136.371,97.012,129.59.105.87,3
1482823115540,138.832,97.454,129.59.105.87,3
1482823115744,142.743,97.292,129.59.105.87,3
1482823115942,140.596,95.977,129.59.105.87,3
1482823116137,135.582,96.617,129.59.105.87,3
1482823116371,169.206,125.958,129.59.105.87,3
1482823116545,143.077,103.421,129.59.105.87,3
1482823116785,183.705,142.209,129.59.105.87,3
1482823116989,185.853,141.691,129.59.105.87,3
1482823117153,150.313,108.407,129.59.105.87,3
1482823117344,141.445,106.234,129.59.105.87,3
1482823117583,179.382,143.397,129.59.105.87,3
1482823117771,164.938,120.016,129.59.105.87,3
1482823117956,151.736,107.462,129.59.105.87,3
1482823118146,141.666,98.57,129.59.105.87,3
1482823118350,145.357,97.204,129.59.105.87,3
1482823118539,134.422,98.095,129.59.105.87,3
1482823118775,169.878,128.301,129.59.105.87,3
1482823118979,173.51,136.385,129.59.105.87,3
1482823119192,186.356,142.573,129.59.105.87,3
1482823119386,179.071,139.717,129.59.105.87,3
1482823119540,134.401,97.296,129.59.105.87,3
1482823119752,146.227,98.66,129.59.105.87,3
1482823119942,137.356,96.924,129.59.105.87,3
1482823120139,132.093,97.17,129.59.105.87,3
1482823120339,132.727,97.549,129.59.105.87,3
1482823120547,141.742,99.835,129.59.105.87,3
1482823120745,137.926,97.953,129.59.105.87,3
1482823120953,141.483,99.984,129.59.105.87,3
1482823121150,142.076,97.749,129.59.105.87,3
1482823121399,190.805,144.172,129.59.105.87,3
1482823121597,188.828,144.986,129.59.105.87,3
1482823121773,166.201,129.212,129.59.105.87,3
1482823121946,138.011,98.342,129.59.105.87,3
1482823122146,137.619,97.422,129.59.105.87,3
1482823122353,144.15,98.409,129.59.105.87,3
1482823122548,138.706,96.726,129.59.105.87,3
1482823122747,137.676,95.92,129.59.105.87,3
1482823122949,139.389,96.32,129.59.105.87,3
1482823123147,138.373,95.986,129.59.105.87,3
1482823123351,141.616,98.255,129.59.105.87,3
1482823123552,142.3,99.918,129.59.105.87,3
1482823123747,137.553,98.887,129.59.105.87,3
1482823123950,140.004,97.137,129.59.105.87,3
1482823124161,148.97,104.127,129.59.105.87,3
1482823124346,135.751,97.935,129.59.105.87,3
1482823124551,140.014,97.043,129.59.105.87,3
1482823124754,142.839,96.4,129.59.105.87,3
1482823124954,142.193,99.213,129.59.105.87,3
1482823125148,135.936,96.831,129.59.105.87,3
1482823125346,133.733,96.871,129.59.105.87,3
1482823125556,143.354,97.283,129.59.105.87,3
1482823125750,136.643,96.902,129.59.105.87,3
1482823125953,140.016,96.946,129.59.105.87,3
1482823126149,135.959,96.658,129.59.105.87,3
1482823126353,140.685,96.709,129.59.105.87,3
1482823126559,145.562,107.625,129.59.105.87,3
1482823126752,138.52,96.348,129.59.105.87,3
1482823126957,143.659,99.962,129.59.105.87,3
1482823127154,140.629,98.004,129.59.105.87,3
1482823127356,139.784,97.343,129.59.105.87,3
1482823127547,134.005,97.518,129.59.105.87,3
1482823127752,137.183,98.446,129.59.105.87,3
1482823127989,173.79,128.78,129.59.105.87,3
1482823128168,154.725,116.382,129.59.105.87,3
1482823128352,137.254,96.414,129.59.105.87,3
1482823128586,170.974,131.833,129.59.105.87,3
1482823128755,139.453,97.753,129.59.105.87,3
1482823128960,142.862,99.839,129.59.105.87,3
1482823129202,185.963,144.668,129.59.105.87,3
1482823129392,176.266,141.488,129.59.105.87,3
1482823129587,170.669,129.03,129.59.105.87,3
1482823129753,136.156,97.919,129.59.105.87,3
1482823129955,138.803,97.704,129.59.105.87,3
1482823130154,137.365,98.122,129.59.105.87,3
1482823130358,140.881,97.29,129.59.105.87,3
1482823130562,143.28,100.09,129.59.105.87,3
1482823130754,136.965,97.782,129.59.105.87,3
1482823130954,136.66,98.704,129.59.105.87,3
1482823131156,138.357,97.279,129.59.105.87,3
1482823131354,137.388,96.379,129.59.105.87,3
1482823131587,168.972,125.01,129.59.105.87,3
1482823131766,147.378,107.183,129.59.105.87,3
1482823131989,170.01,130.526,129.59.105.87,3
1482823132159,138.648,97.243,129.59.105.87,3
1482823132359,139.943,98.792,129.59.105.87,3
1482823132560,140.113,97.689,129.59.105.87,3
1482823132760,140.295,98.614,129.59.105.87,3
1482823132964,143.855,97.237,129.59.105.87,3
1482823133162,142.16,98.812,129.59.105.87,3
1482823133397,176.728,130.318,129.59.105.87,3
1482823133588,167.18,129.118,129.59.105.87,3
1482823133809,186.21,144.934,129.59.105.87,3
1482823133985,163.962,118.241,129.59.105.87,3
1482823134151,129.822,96.968,129.59.105.87,3
1482823134357,135.713,98.529,129.59.105.87,3
1482823134559,137.747,96.722,129.59.105.87,3
1482823134763,141.154,96.268,129.59.105.87,3
1482823134971,148.48,97.964,129.59.105.87,3
1482823135161,138.868,97.692,129.59.105.87,3
1482823135362,137.797,97.148,129.59.105.87,3
1482823135559,136.285,96.225,129.59.105.87,3
1482823135761,139.521,100.108,129.59.105.87,3
1482823135957,133.796,97.016,129.59.105.87,3
1482823136163,139.432,99.571,129.59.105.87,3
1482823136359,135.109,97.03,129.59.105.87,3
1482823136606,182.595,140.536,129.59.105.87,3
1482823136807,182.555,145.061,129.59.105.87,3
1482823136979,152.037,110.241,129.59.105.87,3
1482823137180,156.094,116.987,129.59.105.87,3
1482823137407,181.994,139.792,129.59.105.87,3
1482823137566,141.126,97.126,129.59.105.87,3
1482823137770,145.365,98.286,129.59.105.87,3
1482823137964,139.081,97.829,129.59.105.87,3
1482823138208,182.195,140.048,129.59.105.87,3
1482823138406,181.04,142.299,129.59.105.87,3
1482823138579,151.231,108.393,129.59.105.87,3
1482823138764,138.205,98.39,129.59.105.87,3
1482823138966,140.984,97.945,129.59.105.87,3
1482823139164,137.901,98.322,129.59.105.87,3
1482823139365,138.389,96.897,129.59.105.87,3
1482823139570,143.262,99.213,129.59.105.87,3
1482823139767,139.749,98.205,129.59.105.87,3
1482823139964,136.08,97.591,129.59.105.87,3
1482823140173,143.224,97.805,129.59.105.87,3
1482823140365,136.796,98.313,129.59.105.87,3
1482823140572,143.789,96.499,129.59.105.87,3
1482823140767,138.909,98.448,129.59.105.87,3
1482823140967,138.623,98.517,129.59.105.87,3
1482823141167,138.632,100.01,129.59.105.87,3
1482823141373,143.612,95.556,129.59.105.87,3
1482823141565,136.519,99.17,129.59.105.87,3
1482823141770,138.802,98.557,129.59.105.87,3
1482823141972,142.563,98.221,129.59.105.87,3
1482823142170,141.064,98.813,129.59.105.87,3
1482823142364,133.874,97.455,129.59.105.87,3
1482823142571,140.25,98.339,129.59.105.87,3
1482823142773,143.516,97.522,129.59.105.87,3
1482823142973,142.603,100.071,129.59.105.87,3
1482823143166,135.304,95.341,129.59.105.87,3
1482823143374,141.104,96.839,129.59.105.87,3
1482823143600,168.228,127.328,129.59.105.87,3
1482823143791,159.409,119.546,129.59.105.87,3
1482823143968,136.0,97.151,129.59.105.87,3
1482823144170,138.326,97.972,129.59.105.87,3
1482823144366,133.787,96.777,129.59.105.87,3
1482823144608,175.416,132.058,129.59.105.87,3
1482823144769,136.283,99.789,129.59.105.87,3
1482823144976,141.527,98.51,129.59.105.87,3
1482823145178,145.066,97.663,129.59.105.87,3
1482823145375,142.034,97.428,129.59.105.87,3
1482823145573,138.994,96.402,129.59.105.87,3
1482823145775,140.84,97.584,129.59.105.87,3
1482823145969,135.641,97.414,129.59.105.87,3
1482823146173,138.47,96.071,129.59.105.87,3
1482823146374,139.941,98.318,129.59.105.87,3
1482823146573,138.674,97.39,129.59.105.87,3
1482823146774,139.537,98.401,129.59.105.87,3
1482823146974,139.123,97.437,129.59.105.87,3
1482823147175,140.034,98.584,129.59.105.87,3
1482823147375,139.211,96.891,129.59.105.87,3
1482823147570,134.654,97.285,129.59.105.87,3
1482823147772,136.078,97.255,129.59.105.87,3
1482823147989,152.665,115.141,129.59.105.87,3
1482823148195,156.362,119.262,129.59.105.87,3
1482823148371,134.124,97.125,129.59.105.87,3
1482823148575,138.526,97.943,129.59.105.87,3
1482823148772,134.589,97.27,129.59.105.87,3
1482823148974,136.264,100.133,129.59.105.87,3
1482823149172,135.529,97.983,129.59.105.87,3
1482823149377,138.021,97.722,129.59.105.87,3
1482823149581,142.915,103.378,129.59.105.87,3
1482823149775,137.183,97.65,129.59.105.87,3
1482823149974,135.785,97.678,129.59.105.87,3
1482823150205,166.597,122.738,129.59.105.87,3
1482823150376,138.538,97.125,129.59.105.87,3
1482823150576,137.298,98.38,129.59.105.87,3
1482823150779,139.956,98.349,129.59.105.87,3
1482823150981,141.414,99.604,129.59.105.87,3
1482823151181,141.812,97.69,129.59.105.87,3
1482823151380,138.638,98.051,129.59.105.87,3
1482823151581,140.724,98.13,129.59.105.87,3
1482823151775,135.14,97.896,129.59.105.87,3
1482823151979,138.323,98.523,129.59.105.87,3
1482823152182,141.352,98.187,129.59.105.87,3
1482823152382,141.666,96.954,129.59.105.87,3
1482823152577,135.657,98.311,129.59.105.87,3
1482823152778,136.468,97.146,129.59.105.87,3
1482823152983,141.846,99.211,129.59.105.87,3
1482823153184,142.108,97.618,129.59.105.87,3
1482823153406,163.806,121.653,129.59.105.87,3
1482823153578,137.304,98.592,129.59.105.87,3
1482823153813,171.003,132.889,129.59.105.87,3
1482823153991,148.764,105.514,129.59.105.87,3
1482823154212,168.671,130.454,129.59.105.87,3
1482823154425,182.333,142.705,129.59.105.87,3
1482823154618,172.939,133.566,129.59.105.87,3
1482823154782,138.945,96.24,129.59.105.87,3
1482823154984,140.655,99.005,129.59.105.87,3
1482823155181,137.235,97.768,129.59.105.87,3
1482823155377,133.169,96.319,129.59.105.87,3
1482823155585,140.535,98.084,129.59.105.87,3
1482823155778,133.731,98.561,129.59.105.87,3
1482823155983,138.525,96.877,129.59.105.87,3
1482823156185,139.201,96.917,129.59.105.87,3
1482823156381,135.413,96.872,129.59.105.87,3
1482823156585,139.061,98.423,129.59.105.87,3
1482823156783,137.577,97.001,129.59.105.87,3
1482823156986,140.401,97.844,129.59.105.87,3
1482823157185,138.809,97.068,129.59.105.87,3
1482823157387,141.467,97.39,129.59.105.87,3
1482823157586,139.021,98.17,129.59.105.87,3
1482823157787,138.819,96.658,129.59.105.87,3
1482823157988,142.337,98.871,129.59.105.87,3
1482823158188,141.131,97.795,129.59.105.87,3
1482823158385,137.583,95.958,129.59.105.87,3
1482823158587,139.39,97.228,129.59.105.87,3
1482823158791,142.694,97.46,129.59.105.87,3
1482823158990,142.08,98.126,129.59.105.87,3
1482823159183,134.79,96.895,129.59.105.87,3
1482823159385,136.266,96.252,129.59.105.87,3
1482823159585,135.781,97.937,129.59.105.87,3
1482823159789,140.151,98.379,129.59.105.87,3
1482823159986,137.689,97.696,129.59.105.87,3
1482823160191,142.056,97.187,129.59.105.87,3
1482823160438,188.851,142.73,129.59.105.87,3
1482823160632,182.884,138.966,129.59.105.87,3
1482823160821,170.928,129.008,129.59.105.87,3
1482823161016,164.869,126.609,129.59.105.87,3
1482823161226,177.275,142.458,129.59.105.87,3
1482823161432,181.746,144.796,129.59.105.87,3
1482823161577,126.688,96.817,129.59.105.87,3
1482823161790,140.878,97.948,129.59.105.87,3
1482823161998,146.644,105.332,129.59.105.87,3
1482823162189,137.917,97.526,129.59.105.87,3
1482823162393,141.792,97.552,129.59.105.87,3
1482823162595,142.423,96.94,129.59.105.87,3
1482823162792,139.9,96.778,129.59.105.87,3
1482823162989,136.614,99.014,129.59.105.87,3
1482823163191,138.707,96.562,129.59.105.87,3
1482823163390,137.291,97.529,129.59.105.87,3
1482823163588,134.918,96.798,129.59.105.87,3
1482823163797,143.78,96.877,129.59.105.87,3
1482823163992,138.943,98.259,129.59.105.87,3
1482823164193,137.656,97.961,129.59.105.87,3
1482823164386,132.767,98.662,129.59.105.87,3
1482823164589,135.613,98.338,129.59.105.87,3
1482823164797,142.605,98.488,129.59.105.87,3
1482823165000,146.579,98.991,129.59.105.87,3
1482823165200,145.543,97.273,129.59.105.87,3
1482823165393,138.126,96.868,129.59.105.87,3
1482823165598,142.834,95.934,129.59.105.87,3
1482823165791,134.238,96.676,129.59.105.87,3
1482823165993,137.598,98.101,129.59.105.87,3
1482823166189,133.118,97.902,129.59.105.87,3
1482823166390,134.526,97.214,129.59.105.87,3
1482823166601,144.511,96.905,129.59.105.87,3
1482823166795,139.202,97.282,129.59.105.87,3
1482823167001,144.299,98.527,129.59.105.87,3
1482823167190,133.499,96.602,129.59.105.87,3
1482823167397,138.399,95.936,129.59.105.87,3
1482823167599,142.457,97.095,129.59.105.87,3
1482823167800,142.19,96.775,129.59.105.87,3
1482823167999,141.196,97.588,129.59.105.87,3
1482823168202,144.536,98.534,129.59.105.87,3
1482823168403,144.958,97.492,129.59.105.87,3
1482823168595,136.182,96.875,129.59.105.87,3
1482823168795,137.81,95.599,129.59.105.87,3
1482823169005,144.064,98.313,129.59.105.87,3
1482823169200,140.846,97.215,129.59.105.87,3
1482823169392,132.586,97.266,129.59.105.87,3
1482823169602,142.228,97.249,129.59.105.87,3
1482823169800,139.897,97.095,129.59.105.87,3
1482823170005,145.475,106.733,129.59.105.87,3
1482823170198,138.119,97.799,129.59.105.87,3
1482823170395,134.448,97.405,129.59.105.87,3
1482823170607,145.527,98.282,129.59.105.87,3
1482823170798,137.669,98.612,129.59.105.87,3
1482823171003,141.966,98.671,129.59.105.87,3
1482823171201,139.849,98.605,129.59.105.87,3
1482823171394,133.49,98.502,129.59.105.87,3
1482823171601,139.057,98.684,129.59.105.87,3
1482823171802,140.597,99.188,129.59.105.87,3
1482823171998,136.148,98.939,129.59.105.87,3
1482823172204,140.688,100.138,129.59.105.87,3
1482823172401,138.631,98.169,129.59.105.87,3
1482823172606,144.726,98.932,129.59.105.87,3
1482823172799,136.448,97.84,129.59.105.87,3
1482823173004,140.752,99.215,129.59.105.87,3
1482823173208,144.698,99.614,129.59.105.87,3
1482823173406,142.418,96.865,129.59.105.87,3
1482823173599,135.32,98.075,129.59.105.87,3
1482823173857,191.413,144.83,129.59.105.87,3
1482823174039,174.828,134.213,129.59.105.87,3
1482823174203,138.664,97.537,129.59.105.87,3
1482823174404,139.622,98.606,129.59.105.87,3
1482823174609,143.885,98.239,129.59.105.87,3
1482823174805,139.971,99.124,129.59.105.87,3
1482823175008,142.793,98.748,129.59.105.87,3
1482823175243,177.903,132.694,129.59.105.87,3
1482823175449,182.537,145.435,129.59.105.87,3
1482823175625,159.034,115.701,129.59.105.87,3
1482823175817,152.045,108.73,129.59.105.87,3
1482823176012,144.961,99.477,129.59.105.87,3
1482823176210,143.452,97.298,129.59.105.87,3
1482823176411,145.284,98.131,129.59.105.87,3
1482823176605,137.42,99.953,129.59.105.87,3
1482823176808,140.269,97.09,129.59.105.87,3
1482823177011,141.303,98.986,129.59.105.87,3
1482823177208,139.796,99.152,129.59.105.87,3
1482823177405,136.916,97.876,129.59.105.87,3
1482823177604,135.866,97.83,129.59.105.87,3
1482823177814,145.043,98.287,129.59.105.87,3
1482823178005,135.94,96.285,129.59.105.87,3
1482823178216,146.925,97.819,129.59.105.87,3
1482823178407,138.003,97.135,129.59.105.87,3
1482823178613,141.241,97.923,129.59.105.87,3
1482823178807,137.365,96.294,129.59.105.87,3
1482823179006,136.77,97.461,129.59.105.87,3
1482823179210,140.027,97.476,129.59.105.87,3
1482823179407,136.561,97.114,129.59.105.87,3
1482823179608,138.896,96.267,129.59.105.87,3
1482823179810,138.939,95.538,129.59.105.87,3
1482823180010,139.396,96.461,129.59.105.87,3
1482823180209,135.134,96.256,129.59.105.87,3
1482823180411,139.393,96.676,129.59.105.87,3
1482823180602,130.59,95.764,129.59.105.87,3
1482823180804,132.289,96.389,129.59.105.87,3
1482823181011,138.878,96.025,129.59.105.87,3
1482823181255,183.314,141.301,129.59.105.87,3
1482823181450,177.183,135.162,129.59.105.87,3
1482823181609,136.754,95.753,129.59.105.87,3
1482823181807,131.398,96.173,129.59.105.87,3
1482823182052,179.259,140.725,129.59.105.87,3
1482823182236,162.866,117.251,129.59.105.87,3
1482823182417,143.901,106.184,129.59.105.87,3
1482823182649,174.956,128.205,129.59.105.87,3
1482823182848,174.838,140.892,129.59.105.87,3
1482823183048,173.774,132.694,129.59.105.87,3
1482823183248,174.133,124.787,129.59.105.87,3
1482823183442,167.603,124.556,129.59.105.87,3
1482823183658,183.721,139.326,129.59.105.87,3
1482823183845,169.978,133.438,129.59.105.87,3
1482823183996,120.867,95.654,129.59.105.87,3
1482823184233,158.258,120.333,129.59.105.87,3
1482823184457,181.684,139.922,129.59.105.87,3
1482823184652,176.629,135.056,129.59.105.87,3
1482823184822,146.366,105.857,129.59.105.87,3
1482823185024,144.171,108.192,129.59.105.87,3
1482823185251,174.321,140.088,129.59.105.87,3
1482823185453,175.964,135.793,129.59.105.87,3
1482823185621,144.593,106.826,129.59.105.87,3
1482823185823,145.612,103.57,129.59.105.87,3
1482823186053,176.773,137.825,129.59.105.87,3
1482823186213,135.666,94.86,129.59.105.87,3
1482823186419,141.716,104.203,129.59.105.87,3
1482823186630,152.476,114.228,129.59.105.87,3
1482823186812,134.742,94.456,129.59.105.87,3
1482823187013,134.602,96.056,129.59.105.87,3
1482823187217,139.474,94.982,129.59.105.87,3
1482823187416,137.768,95.392,129.59.105.87,3
1482823187612,133.091,94.026,129.59.105.87,3
1482823187816,137.064,96.007,129.59.105.87,3
1482823188019,139.327,96.135,129.59.105.87,3
1482823188218,135.931,95.039,129.59.105.87,3
1482823188412,132.126,94.686,129.59.105.87,3
1482823188618,137.963,93.885,129.59.105.87,3
1482823188819,138.458,93.215,129.59.105.87,3
1482823189013,132.483,93.644,129.59.105.87,3
1482823189215,134.456,95.219,129.59.105.87,3
1482823189413,130.549,93.697,129.59.105.87,3
1482823189623,142.561,95.402,129.59.105.87,3
1482823189821,139.153,94.323,129.59.105.87,3
1482823190014,132.492,95.066,129.59.105.87,3
1482823190218,136.849,98.991,129.59.105.87,3
1482823190415,134.336,93.2,129.59.105.87,3
1482823190613,130.904,94.51,129.59.105.87,3
1482823190818,135.444,93.589,129.59.105.87,3
1482823191018,136.366,96.177,129.59.105.87,3
1482823191217,134.794,94.316,129.59.105.87,3
1482823191420,134.501,92.66,129.59.105.87,3
1482823191621,137.55,94.232,129.59.105.87,3
1482823191822,138.317,94.592,129.59.105.87,3
1482823192017,133.861,94.913,129.59.105.87,3
1482823192232,148.169,104.105,129.59.105.87,3
1482823192423,139.368,93.433,129.59.105.87,3
1482823192661,176.539,133.28,129.59.105.87,3
1482823192866,181.371,139.106,129.59.105.87,3
1482823193030,143.947,103.08,129.59.105.87,3
1482823193217,131.949,94.305,129.59.105.87,3
1482823193420,134.923,94.244,129.59.105.87,3
1482823193625,140.109,94.153,129.59.105.87,3
1482823193830,144.328,104.362,129.59.105.87,3
1482823194043,157.424,113.517,129.59.105.87,3
1482823194215,129.907,93.686,129.59.105.87,3
1482823194423,137.234,94.358,129.59.105.87,3
1482823194625,135.464,95.257,129.59.105.87,3
1482823194822,137.289,94.413,129.59.105.87,3
1482823195022,135.851,94.582,129.59.105.87,3
1482823195220,133.132,93.792,129.59.105.87,3
1482823195435,147.798,106.729,129.59.105.87,3
1482823195662,174.413,130.933,129.59.105.87,3
1482823195867,179.964,139.521,129.59.105.87,3
1482823196018,130.493,94.875,129.59.105.87,3
1482823196248,157.931,119.011,129.59.105.87,3
1482823196468,177.555,133.939,129.59.105.87,3
1482823196665,176.174,137.584,129.59.105.87,3
1482823196828,139.575,93.468,129.59.105.87,3
1482823197028,138.859,96.176,129.59.105.87,3
1482823197221,132.061,93.165,129.59.105.87,3
1482823197431,142.647,93.001,129.59.105.87,3
1482823197626,136.926,94.909,129.59.105.87,3
1482823197827,134.547,93.691,129.59.105.87,3
1482823198024,135.309,93.988,129.59.105.87,3
1482823198270,177.472,139.314,129.59.105.87,3
1482823198435,144.588,103.666,129.59.105.87,3
1482823198635,145.816,103.97,129.59.105.87,3
1482823198825,134.843,93.289,129.59.105.87,3
1482823199027,136.4,93.747,129.59.105.87,3
1482823199224,133.097,93.768,129.59.105.87,3
1482823199421,128.267,94.879,129.59.105.87,3
1482823199623,131.669,94.067,129.59.105.87,3
1482823199825,134.266,93.244,129.59.105.87,3
1482823200033,140.535,97.521,129.59.105.87,3
1482823200238,146.087,105.826,129.59.105.87,3
1482823200430,137.891,92.007,129.59.105.87,3
1482823200622,129.446,93.254,129.59.105.87,3
1482823200827,133.973,93.541,129.59.105.87,3
1482823201032,135.713,98.186,129.59.105.87,3
1482823201229,136.502,93.142,129.59.105.87,3
1482823201433,137.256,94.475,129.59.105.87,3
1482823201630,135.79,93.989,129.59.105.87,3
1482823201825,131.894,96.546,129.59.105.87,3
1482823202078,183.742,141.392,129.59.105.87,3
1482823202229,134.374,95.11,129.59.105.87,3
1482823202429,136.142,93.251,129.59.105.87,3
1482823202634,136.949,95.569,129.59.105.87,3
1482823202832,137.224,94.758,129.59.105.87,3
1482823203037,142.887,99.637,129.59.105.87,3
1482823203237,141.282,103.936,129.59.105.87,3
1482823203471,178.298,132.101,129.59.105.87,3
1482823203672,176.173,139.53,129.59.105.87,3
1482823203845,148.508,104.82,129.59.105.87,3
1482823204035,138.896,97.852,129.59.105.87,3
1482823204228,128.249,91.055,129.59.105.87,3
1482823204431,134.226,92.661,129.59.105.87,3
1482823204632,132.913,93.696,129.59.105.87,3
1482823204830,132.526,94.108,129.59.105.87,3
1482823205033,136.717,96.503,129.59.105.87,3
1482823205237,138.959,94.266,129.59.105.87,3
1482823205438,140.275,94.197,129.59.105.87,3
1482823205635,137.711,92.966,129.59.105.87,3
1482823205833,132.722,95.523,129.59.105.87,3
1482823206035,135.946,95.439,129.59.105.87,3
1482823206233,134.649,95.135,129.59.105.87,3
1482823206434,135.392,93.357,129.59.105.87,3
1482823206637,137.863,94.003,129.59.105.87,3
1482823206835,135.123,93.671,129.59.105.87,3
1482823207039,139.555,94.088,129.59.105.87,3
1482823207234,134.431,93.628,129.59.105.87,3
1482823207435,132.872,93.212,129.59.105.87,3
1482823207637,136.943,93.966,129.59.105.87,3
1482823207839,136.998,94.032,129.59.105.87,3
1482823208034,133.611,95.02,129.59.105.87,3
1482823208235,134.124,94.156,129.59.105.87,3
1482823208438,136.847,93.816,129.59.105.87,3
1482823208638,136.988,93.582,129.59.105.87,3
1482823208883,182.059,137.553,129.59.105.87,3
1482823209080,175.719,130.782,129.59.105.87,3
1482823209253,151.217,103.001,129.59.105.87,3
1482823209444,140.914,101.02,129.59.105.87,3
1482823209637,134.781,91.473,129.59.105.87,3
1482823209836,133.743,93.516,129.59.105.87,3
1482823210039,136.043,93.012,129.59.105.87,3
1482823210269,166.455,123.505,129.59.105.87,3
1482823210480,176.965,136.877,129.59.105.87,3
1482823210675,169.641,125.413,129.59.105.87,3
1482823210834,129.886,92.885,129.59.105.87,3
1482823211044,137.848,95.257,129.59.105.87,3
1482823211235,132.134,91.531,129.59.105.87,3
1482823211441,136.524,94.174,129.59.105.87,3
1482823211641,136.053,93.03,129.59.105.87,3
1482823211842,137.028,96.751,129.59.105.87,3
1482823212039,134.586,94.485,129.59.105.87,3
1482823212246,139.044,94.476,129.59.105.87,3
1482823212447,141.543,103.349,129.59.105.87,3
1482823212680,174.825,138.158,129.59.105.87,3
1482823212889,183.237,139.956,129.59.105.87,3
1482823213064,158.093,118.387,129.59.105.87,3
1482823213244,139.328,95.772,129.59.105.87,3
1482823213442,135.169,94.825,129.59.105.87,3
1482823213645,137.852,93.902,129.59.105.87,3
1482823213847,136.646,94.303,129.59.105.87,3
1482823214047,140.052,95.132,129.59.105.87,3
1482823214275,166.022,126.826,129.59.105.87,3
1482823214444,135.875,93.683,129.59.105.87,3
1482823214640,132.524,93.586,129.59.105.87,3
1482823214841,132.983,94.683,129.59.105.87,3
1482823215045,136.908,97.949,129.59.105.87,3
1482823215241,132.364,92.109,129.59.105.87,3
1482823215449,137.836,92.908,129.59.105.87,3
1482823215641,132.215,93.618,129.59.105.87,3
1482823215844,134.426,93.169,129.59.105.87,3
1482823216042,132.352,93.521,129.59.105.87,3
1482823216251,141.337,95.205,129.59.105.87,3
1482823216447,138.02,95.012,129.59.105.87,3
1482823216644,134.249,94.795,129.59.105.87,3
1482823216844,133.311,94.59,129.59.105.87,3
1482823217048,137.572,96.292,129.59.105.87,3
1482823217245,134.592,94.005,129.59.105.87,3
1482823217502,188.499,142.059,129.59.105.87,3
1482823217685,175.463,136.141,129.59.105.87,3
1482823217862,150.179,106.865,129.59.105.87,3
1482823218050,138.643,96.1,129.59.105.87,3
1482823218248,135.839,93.746,129.59.105.87,3
1482823218449,137.156,94.806,129.59.105.87,3
1482823218655,140.135,94.739,129.59.105.87,3
1482823218886,173.39,135.082,129.59.105.87,3
1482823219093,179.417,141.697,129.59.105.87,3
1482823219276,162.755,124.634,129.59.105.87,3
1482823219479,165.897,125.204,129.59.105.87,3
1482823219652,139.016,95.913,129.59.105.87,3
1482823219847,133.826,92.387,129.59.105.87,3
1482823220050,136.137,94.046,129.59.105.87,3
1482823220247,133.229,94.734,129.59.105.87,3
1482823220495,180.391,137.922,129.59.105.87,3
1482823220694,177.22,141.323,129.59.105.87,3
1482823220845,131.445,94.398,129.59.105.87,3
1482823221055,139.748,95.647,129.59.105.87,3
1482823221249,133.813,92.82,129.59.105.87,3
1482823221455,139.631,93.77,129.59.105.87,3
1482823221652,136.092,94.029,129.59.105.87,3
1482823221851,132.004,94.72,129.59.105.87,3
1482823222053,136.635,92.524,129.59.105.87,3
1482823222253,136.196,92.746,129.59.105.87,3
1482823222453,136.198,93.624,129.59.105.87,3
1482823222656,139.696,94.914,129.59.105.87,3
1482823222856,139.135,93.71,129.59.105.87,3
1482823223053,135.673,95.818,129.59.105.87,3
1482823223255,137.357,93.941,129.59.105.87,3
1482823223457,139.273,95.147,129.59.105.87,3
1482823223657,139.704,92.923,129.59.105.87,3
1482823223852,132.793,94.213,129.59.105.87,3
1482823224049,131.428,94.113,129.59.105.87,3
1482823224293,174.623,136.467,129.59.105.87,3
1482823224503,184.384,137.768,129.59.105.87,3
1482823224652,133.071,95.608,129.59.105.87,3
1482823224859,139.978,95.753,129.59.105.87,3
1482823225062,139.615,99.364,129.59.105.87,3
1482823225261,141.737,92.414,129.59.105.87,3
1482823225457,135.911,93.763,129.59.105.87,3
1482823225656,136.425,93.84,129.59.105.87,3
1482823225857,136.756,93.751,129.59.105.87,3
1482823226058,137.776,93.488,129.59.105.87,3
1482823226259,138.291,94.145,129.59.105.87,3
1482823226452,131.03,93.421,129.59.105.87,3
1482823226655,132.952,93.794,129.59.105.87,3
1482823226857,136.025,94.621,129.59.105.87,3
1482823227067,143.663,101.8,129.59.105.87,3
1482823227260,139.429,93.972,129.59.105.87,3
1482823227453,130.698,93.713,129.59.105.87,3
1482823227658,135.708,94.644,129.59.105.87,3
1482823227858,136.838,94.402,129.59.105.87,3
1482823228059,136.4,93.975,129.59.105.87,3
1482823228258,131.963,94.408,129.59.105.87,3
1482823228464,141.058,93.662,129.59.105.87,3
1482823228661,135.866,92.959,129.59.105.87,3
1482823228898,174.714,137.25,129.59.105.87,3
1482823229104,180.427,141.273,129.59.105.87,3
1482823229269,145.199,105.032,129.59.105.87,3
1482823229490,164.494,124.277,129.59.105.87,3
1482823229703,178.435,139.699,129.59.105.87,3
1482823229913,187.16,143.266,129.59.105.87,3
1482823230088,163.066,125.194,129.59.105.87,3
1482823230270,146.256,104.037,129.59.105.87,3
1482823230502,177.108,136.869,129.59.105.87,3
1482823230707,181.349,140.741,129.59.105.87,3
1482823230894,168.6,125.566,129.59.105.87,3
1482823231081,155.856,117.441,129.59.105.87,3
1482823231302,175.722,136.416,129.59.105.87,3
1482823231510,180.994,143.004,129.59.105.87,3
1482823231673,146.797,104.497,129.59.105.87,3
1482823231880,151.319,108.017,129.59.105.87,3
1482823232105,177.708,140.032,129.59.105.87,3
1482823232311,184.162,141.398,129.59.105.87,3
1482823232471,143.828,104.568,129.59.105.87,3
1482823232673,145.291,104.422,129.59.105.87,3
1482823232912,184.137,139.613,129.59.105.87,3
1482823233107,178.056,136.48,129.59.105.87,3
1482823233275,146.674,104.011,129.59.105.87,3
1482823233464,132.32,92.743,129.59.105.87,3
1482823233660,131.531,92.473,129.59.105.87,3
1482823233866,137.512,94.559,129.59.105.87,3
1482823234068,138.76,93.863,129.59.105.87,3
1482823234265,136.153,94.538,129.59.105.87,3
1482823234459,129.443,93.795,129.59.105.87,3
1482823234664,132.126,94.612,129.59.105.87,3
1482823234867,137.762,93.374,129.59.105.87,3
1482823235071,138.075,101.261,129.59.105.87,3
1482823235266,135.712,95.138,129.59.105.87,3
1482823235460,130.877,94.601,129.59.105.87,3
1482823235664,132.719,95.38,129.59.105.87,3
1482823235868,137.261,94.429,129.59.105.87,3
1482823236067,135.746,93.582,129.59.105.87,3
1482823236283,149.811,104.651,129.59.105.87,3
1482823236467,135.256,92.834,129.59.105.87,3
1482823236666,136.389,92.8,129.59.105.87,3
1482823236868,135.913,94.582,129.59.105.87,3
1482823237071,138.401,95.11,129.59.105.87,3
1482823237276,143.424,102.653,129.59.105.87,3
1482823237473,140.806,95.364,129.59.105.87,3
1482823237664,131.594,93.973,129.59.105.87,3
1482823237869,134.249,94.777,129.59.105.87,3
1482823238068,134.847,93.962,129.59.105.87,3
1482823238275,138.823,93.142,129.59.105.87,3
1482823238465,131.487,94.642,129.59.105.87,3
1482823238671,138.456,93.984,129.59.105.87,3
1482823238867,132.513,93.418,129.59.105.87,3
1482823239071,137.088,93.717,129.59.105.87,3
1482823239269,135.753,94.0,129.59.105.87,3
1482823239473,136.079,93.585,129.59.105.87,3
1482823239671,135.539,93.389,129.59.105.87,3
1482823239875,137.426,95.011,129.59.105.87,3
1482823240073,137.723,93.533,129.59.105.87,3
1482823240272,136.546,94.617,129.59.105.87,3
1482823240480,144.256,92.762,129.59.105.87,3
1482823240671,135.296,93.31,129.59.105.87,3
1482823240875,139.045,92.342,129.59.105.87,3
1482823241079,140.628,97.292,129.59.105.87,3
1482823241274,136.979,93.0,129.59.105.87,3
1482823241478,138.855,93.396,129.59.105.87,3
1482823241678,140.835,94.193,129.59.105.87,3
1482823241869,132.207,92.318,129.59.105.87,3
1482823242077,139.711,93.672,129.59.105.87,3
1482823242296,157.968,117.459,129.59.105.87,3
1482823242470,133.18,92.501,129.59.105.87,3
1482823242671,131.202,94.56,129.59.105.87,3
1482823242875,136.053,92.693,129.59.105.87,3
1482823243074,133.097,94.666,129.59.105.87,3
1482823243275,135.947,93.126,129.59.105.87,3
1482823243472,132.94,92.595,129.59.105.87,3
1482823243676,135.994,92.706,129.59.105.87,3
1482823243872,132.889,93.306,129.59.105.87,3
1482823244072,132.416,94.053,129.59.105.87,3
1482823244273,131.573,94.058,129.59.105.87,3
1482823244474,133.994,93.301,129.59.105.87,3
1482823244678,135.099,93.054,129.59.105.87,3
1482823244881,140.62,93.606,129.59.105.87,3
1482823245082,141.072,95.953,129.59.105.87,3
1482823245277,135.853,94.189,129.59.105.87,3
1482823245473,131.797,93.033,129.59.105.87,3
1482823245683,141.978,94.286,129.59.105.87,3
1482823245875,131.428,95.17,129.59.105.87,3
1482823246076,134.02,93.673,129.59.105.87,3
1482823246278,135.836,95.457,129.59.105.87,3
1482823246479,136.396,93.282,129.59.105.87,3
1482823246678,135.158,93.381,129.59.105.87,3
1482823246879,135.585,93.311,129.59.105.87,3
1482823247080,137.147,96.752,129.59.105.87,3
1482823247276,132.243,93.182,129.59.105.87,3
1482823247481,135.639,93.277,129.59.105.87,3
1482823247684,140.149,93.721,129.59.105.87,3
1482823247885,138.135,93.497,129.59.105.87,3
1482823248081,136.671,93.836,129.59.105.87,3
1482823248277,132.43,93.796,129.59.105.87,3
1482823248481,136.193,92.527,129.59.105.87,3
1482823248677,131.51,93.756,129.59.105.87,3
1482823248886,140.884,93.108,129.59.105.87,3
1482823249085,137.811,95.23,129.59.105.87,3
1482823249281,135.361,93.757,129.59.105.87,3
1482823249479,133.661,93.134,129.59.105.87,3
1482823249683,137.224,92.589,129.59.105.87,3
1482823249892,145.164,94.658,129.59.105.87,3
1482823250080,134.858,96.015,129.59.105.87,3
1482823250282,135.044,94.332,129.59.105.87,3
1482823250483,135.744,92.222,129.59.105.87,3
1482823250683,136.898,92.269,129.59.105.87,3
1482823250882,134.284,93.922,129.59.105.87,3
1482823251089,138.192,93.433,129.59.105.87,3
1482823251283,135.078,93.202,129.59.105.87,3
1482823251481,133.202,94.002,129.59.105.87,3
1482823251684,135.293,95.662,129.59.105.87,3
1482823251884,135.223,92.937,129.59.105.87,3
1482823252070,121.316,93.452,129.59.105.87,3
1482823252289,137.999,94.989,129.59.105.87,3
1482823252486,137.036,93.577,129.59.105.87,3
1482823252692,142.405,92.948,129.59.105.87,3
1482823252885,135.64,92.37,129.59.105.87,3
1482823253087,137.342,94.305,129.59.105.87,3
1482823253286,136.622,95.545,129.59.105.87,3
1482823253487,136.45,93.489,129.59.105.87,3
1482823253685,134.634,93.385,129.59.105.87,3
1482823253882,132.035,94.221,129.59.105.87,3
1482823254085,133.565,92.484,129.59.105.87,3
1482823254295,142.14,94.78,129.59.105.87,3
1482823254492,140.404,93.55,129.59.105.87,3
1482823254682,130.706,93.698,129.59.105.87,3
1482823254889,136.608,93.444,129.59.105.87,3
1482823255092,139.754,95.927,129.59.105.87,3
1482823255288,135.297,93.283,129.59.105.87,3
1482823255490,135.686,95.867,129.59.105.87,3
1482823255690,136.755,93.575,129.59.105.87,3
1482823255888,134.6,95.627,129.59.105.87,3
1482823256096,142.783,93.505,129.59.105.87,3
1482823256292,138.445,96.114,129.59.105.87,3
1482823256483,129.833,92.959,129.59.105.87,3
1482823256687,132.799,94.223,129.59.105.87,3
1482823256890,135.949,93.578,129.59.105.87,3
1482823257088,134.296,96.839,129.59.105.87,3
1482823257286,131.884,93.487,129.59.105.87,3
1482823257498,141.553,93.904,129.59.105.87,3
1482823257694,138.654,94.571,129.59.105.87,3
1482823257889,133.641,94.406,129.59.105.87,3
1482823258094,138.562,95.526,129.59.105.87,3
1482823258296,140.7,94.939,129.59.105.87,3
1482823258501,144.729,95.887,129.59.105.87,3
1482823258692,134.111,94.637,129.59.105.87,3
1482823258896,139.894,95.085,129.59.105.87,3
1482823259092,135.211,96.319,129.59.105.87,3
1482823259338,181.035,139.671,129.59.105.87,3
1482823259536,179.493,140.268,129.59.105.87,3
1482823259722,165.418,125.311,129.59.105.87,3
1482823259893,135.942,96.617,129.59.105.87,3
1482823260142,184.447,139.715,129.59.105.87,3
1482823260295,135.397,93.413,129.59.105.87,3
1482823260493,135.122,96.049,129.59.105.87,3
1482823260696,136.719,94.432,129.59.105.87,3
1482823260895,138.223,94.459,129.59.105.87,3
1482823261094,135.569,96.332,129.59.105.87,3
1482823261297,138.616,94.389,129.59.105.87,3
1482823261501,142.069,97.096,129.59.105.87,3
1482823261693,133.75,93.818,129.59.105.87,3
1482823261897,136.107,94.983,129.59.105.87,3
1482823262093,133.346,94.962,129.59.105.87,3
1482823262298,137.515,95.532,129.59.105.87,3
1482823262498,137.792,93.882,129.59.105.87,3
1482823262698,137.045,95.033,129.59.105.87,3
1482823262897,136.02,94.793,129.59.105.87,3
1482823263097,136.047,94.342,129.59.105.87,3
1482823263294,132.772,94.24,129.59.105.87,3
1482823263499,137.711,93.94,129.59.105.87,3
1482823263694,132.739,94.872,129.59.105.87,3
1482823263900,136.84,95.196,129.59.105.87,3
1482823264098,137.225,94.675,129.59.105.87,3
1482823264321,158.377,118.936,129.59.105.87,3
1482823264501,138.326,94.714,129.59.105.87,3
1482823264695,132.347,95.594,129.59.105.87,3
1482823264898,134.896,94.648,129.59.105.87,3
1482823265100,135.389,95.057,129.59.105.87,3
1482823265343,179.345,136.436,129.59.105.87,3
1482823265549,184.666,141.039,129.59.105.87,3
1482823265723,159.166,117.569,129.59.105.87,3
1482823265930,166.08,125.855,129.59.105.87,3
1482823266106,142.387,94.811,129.59.105.87,3
1482823266305,140.198,94.013,129.59.105.87,3
1482823266498,133.134,94.558,129.59.105.87,3
1482823266699,133.866,93.848,129.59.105.87,3
1482823266899,134.324,95.159,129.59.105.87,3
1482823267109,142.272,97.108,129.59.105.87,3
1482823267298,133.052,94.597,129.59.105.87,3
1482823267506,140.621,95.153,129.59.105.87,3
1482823267702,136.016,95.065,129.59.105.87,3
1482823267903,137.82,94.148,129.59.105.87,3
1482823268099,132.979,94.549,129.59.105.87,3
1482823268328,159.292,121.346,129.59.105.87,3
1482823268551,185.844,139.532,129.59.105.87,3
1482823268735,167.035,126.615,129.59.105.87,3
1482823268934,166.983,126.56,129.59.105.87,3
1482823269123,156.064,115.59,129.59.105.87,3
1482823269335,167.925,125.862,129.59.105.87,3
1482823269503,134.357,93.739,129.59.105.87,3
1482823269705,137.13,94.15,129.59.105.87,3
1482823269902,132.84,97.222,129.59.105.87,3
1482823270109,140.091,93.832,129.59.105.87,3
1482823270307,137.355,95.812,129.59.105.87,3
1482823270513,144.438,95.24,129.59.105.87,3
1482823270700,131.004,94.15,129.59.105.87,3
1482823270908,138.325,93.726,129.59.105.87,3
1482823271109,139.803,98.512,129.59.105.87,3
1482823271299,129.307,94.021,129.59.105.87,3
1482823271511,137.86,94.621,129.59.105.87,3
1482823271708,139.037,93.731,129.59.105.87,3
1482823271909,136.669,93.976,129.59.105.87,3
1482823272107,136.485,95.668,129.59.105.87,3
1482823272306,135.377,95.613,129.59.105.87,3
1482823272514,143.289,93.714,129.59.105.87,3
1482823272704,133.083,94.376,129.59.105.87,3
1482823272908,136.764,94.446,129.59.105.87,3
1482823273104,130.85,94.846,129.59.105.87,3
1482823273307,135.409,93.605,129.59.105.87,3
1482823273512,138.074,95.081,129.59.105.87,3
1482823273709,135.958,94.259,129.59.105.87,3
1482823273913,140.687,95.502,129.59.105.87,3
1482823274106,132.924,94.066,129.59.105.87,3
1482823274340,167.065,125.675,129.59.105.87,3
1482823274544,170.987,126.094,129.59.105.87,3
1482823274748,172.559,131.225,129.59.105.87,3
1482823274951,177.945,140.099,129.59.105.87,3
1482823275139,163.755,124.689,129.59.105.87,3
1482823275324,150.199,105.657,129.59.105.87,3
1482823275514,139.813,94.389,129.59.105.87,3
1482823275759,184.597,139.245,129.59.105.87,3
1482823275926,150.646,108.736,129.59.105.87,3
1482823276108,133.614,94.665,129.59.105.87,3
1482823276350,173.861,136.622,129.59.105.87,3
1482823276559,183.404,140.83,129.59.105.87,3
1482823276740,161.463,120.836,129.59.105.87,3
1482823276950,174.549,125.777,129.59.105.87,3
1482823277146,169.593,127.99,129.59.105.87,3
1482823277366,189.928,143.636,129.59.105.87,3
1482823277540,164.004,123.781,129.59.105.87,3
1482823277728,150.997,108.064,129.59.105.87,3
1482823277947,168.366,125.397,129.59.105.87,3
1482823278121,144.635,95.029,129.59.105.87,3
1482823278316,137.783,95.958,129.59.105.87,3
1482823278518,140.098,94.048,129.59.105.87,3
1482823278716,139.477,96.328,129.59.105.87,3
1482823278915,137.26,94.299,129.59.105.87,3
1482823279116,137.496,95.947,129.59.105.87,3
1482823279331,153.859,107.506,129.59.105.87,3
1482823279562,181.627,140.654,129.59.105.87,3
1482823279757,179.075,140.154,129.59.105.87,3
1482823279925,144.875,104.02,129.59.105.87,3
1482823280112,132.629,95.169,129.59.105.87,3
1482823280315,136.015,93.916,129.59.105.87,3
1482823280518,138.507,94.076,129.59.105.87,3
1482823280715,134.825,94.771,129.59.105.87,3
1482823280914,133.615,94.573,129.59.105.87,3
1482823281119,136.568,95.216,129.59.105.87,3
1482823281313,131.982,95.136,129.59.105.87,3
1482823281514,131.12,94.111,129.59.105.87,3
1482823281719,138.129,97.461,129.59.105.87,3
1482823281922,140.84,95.877,129.59.105.87,3
1482823282115,133.447,95.88,129.59.105.87,3
1482823282318,136.796,95.085,129.59.105.87,3
1482823282513,132.278,95.179,129.59.105.87,3
1482823282721,136.025,94.253,129.59.105.87,3
1482823282918,135.603,94.196,129.59.105.87,3
1482823283122,139.802,95.057,129.59.105.87,3
1482823283320,137.35,92.764,129.59.105.87,3
1482823283522,139.249,94.932,129.59.105.87,3
1482823283748,164.689,125.241,129.59.105.87,3
1482823283939,155.308,112.478,129.59.105.87,3
1482823284157,173.902,139.226,129.59.105.87,3
1482823284320,133.909,93.893,129.59.105.87,3
1482823284532,147.448,107.222,129.59.105.87,3
1482823284745,159.282,116.852,129.59.105.87,3
1482823284919,134.028,91.689,129.59.105.87,3
1482823285117,132.888,94.056,129.59.105.87,3
1482823285320,135.243,92.782,129.59.105.87,3
1482823285566,181.326,139.703,129.59.105.87,3
1482823285762,177.526,141.474,129.59.105.87,3
1482823285937,148.927,105.197,129.59.105.87,3
1482823286154,168.09,125.274,129.59.105.87,3
1482823286315,129.879,94.415,129.59.105.87,3
1482823286519,132.678,93.222,129.59.105.87,3
1482823286720,133.941,94.924,129.59.105.87,3
1482823286915,130.165,93.381,129.59.105.87,3
1482823287121,133.677,93.995,129.59.105.87,3
1482823287325,137.528,93.601,129.59.105.87,3
1482823287519,133.974,93.321,129.59.105.87,3
1482823287723,134.989,96.499,129.59.105.87,3
1482823287930,140.527,93.269,129.59.105.87,3
1482823288124,136.176,94.42,129.59.105.87,3
1482823288329,140.685,94.597,129.59.105.87,3
1482823288524,135.905,92.834,129.59.105.87,3
1482823288730,141.677,93.442,129.59.105.87,3
1482823288927,138.112,93.186,129.59.105.87,3
1482823289128,136.911,94.451,129.59.105.87,3
1482823289328,138.272,93.852,129.59.105.87,3
1482823289528,138.788,93.445,129.59.105.87,3
1482823289723,133.351,94.218,129.59.105.87,3
1482823289956,165.879,123.215,129.59.105.87,3
1482823290170,181.091,137.374,129.59.105.87,3
1482823290374,183.618,142.847,129.59.105.87,3
1482823290538,147.144,104.466,129.59.105.87,3
1482823290742,148.521,103.534,129.59.105.87,3
1482823290925,134.204,93.842,129.59.105.87,3
1482823291128,134.215,94.167,129.59.105.87,3
1482823291355,163.634,121.291,129.59.105.87,3
1482823291529,137.151,93.803,129.59.105.87,3
1482823291724,132.159,93.124,129.59.105.87,3
1482823291928,135.79,94.488,129.59.105.87,3
1482823292158,165.3,125.55,129.59.105.87,3
1482823292342,147.035,104.376,129.59.105.87,3
1482823292522,128.784,88.653,129.59.105.87,3
1482823292721,127.858,88.77,129.59.105.87,3
1482823292929,136.054,89.12,129.59.105.87,3
1482823293131,137.423,90.844,129.59.105.87,3
1482823293324,131.109,89.121,129.59.105.87,3
1482823293528,133.604,90.089,129.59.105.87,3
1482823293725,131.249,90.681,129.59.105.87,3
1482823293976,181.586,140.007,129.59.105.87,3
1482823294171,176.353,136.917,129.59.105.87,3
1482823294362,164.355,124.965,129.59.105.87,3
1482823294553,158.144,123.572,129.59.105.87,3
1482823294777,181.874,138.509,129.59.105.87,3
1482823294982,187.099,140.962,129.59.105.87,3
1482823295148,152.931,111.011,129.59.105.87,3
1482823295331,135.436,93.647,129.59.105.87,3
1482823295533,134.061,92.961,129.59.105.87,3
1482823295732,135.468,92.981,129.59.105.87,3
1482823295931,133.314,92.808,129.59.105.87,3
1482823296126,129.4,92.424,129.59.105.87,3
1482823296333,136.038,92.922,129.59.105.87,3
1482823296529,131.923,94.067,129.59.105.87,3
1482823296716,118.31,92.923,129.59.105.87,3
1482823296966,168.751,125.033,129.59.105.87,3
1482823297178,180.706,139.237,129.59.105.87,3
1482823297363,165.42,121.4,129.59.105.87,3
1482823297566,165.454,124.603,129.59.105.87,3
1482823297741,143.672,105.867,129.59.105.87,3
1482823297930,132.079,91.932,129.59.105.87,3
1482823298136,136.995,92.543,129.59.105.87,3
1482823298333,134.51,91.92,129.59.105.87,3
1482823298554,155.196,116.514,129.59.105.87,3
1482823298782,179.901,137.257,129.59.105.87,3
1482823298961,161.58,118.879,129.59.105.87,3
1482823299159,157.889,113.742,129.59.105.87,3
1482823299374,173.833,131.129,129.59.105.87,3
1482823299582,182.133,137.826,129.59.105.87,3
1482823299780,179.652,135.596,129.59.105.87,3
1482823299966,165.299,123.974,129.59.105.87,3
1482823300159,158.471,118.169,129.59.105.87,3
1482823300337,135.596,94.43,129.59.105.87,3
1482823300534,132.92,93.077,129.59.105.87,3
1482823300735,131.479,92.88,129.59.105.87,3
1482823300938,136.868,93.97,129.59.105.87,3
1482823301140,138.445,93.995,129.59.105.87,3
1482823301335,132.566,94.535,129.59.105.87,3
1482823301543,141.927,105.594,129.59.105.87,3
1482823301766,163.827,120.691,129.59.105.87,3
1482823301984,179.182,139.052,129.59.105.87,3
1482823302170,166.572,126.996,129.59.105.87,3
1482823302333,128.282,95.467,129.59.105.87,3
1482823302544,140.703,93.636,129.59.105.87,3
1482823302745,141.528,94.998,129.59.105.87,3
1482823302941,137.35,94.913,129.59.105.87,3
1482823303143,138.693,96.013,129.59.105.87,3
1482823303339,134.863,95.73,129.59.105.87,3
1482823303541,135.69,95.177,129.59.105.87,3
1482823303744,139.155,94.118,129.59.105.87,3
1482823303940,132.68,95.066,129.59.105.87,3
1482823304144,139.619,97.014,129.59.105.87,3
1482823304341,136.127,93.893,129.59.105.87,3
1482823304538,132.806,96.308,129.59.105.87,3
1482823304744,138.727,96.498,129.59.105.87,3
1482823304953,147.605,105.322,129.59.105.87,3
1482823305149,140.584,98.438,129.59.105.87,3
1482823305348,142.34,98.291,129.59.105.87,3
1482823305550,141.077,97.542,129.59.105.87,3
1482823305753,145.662,100.232,129.59.105.87,3
1482823305950,142.784,99.403,129.59.105.87,3
1482823306154,146.453,100.66,129.59.105.87,3
1482823306348,140.889,100.818,129.59.105.87,3
1482823306554,146.584,99.432,129.59.105.87,3
1482823306792,186.181,147.884,129.59.105.87,3
1482823306980,171.502,131.66,129.59.105.87,3
1482823307180,168.528,133.685,129.59.105.87,3
1482823307387,178.57,139.523,129.59.105.87,3
1482823307600,191.031,149.247,129.59.105.87,3
1482823307761,152.216,113.962,129.59.105.87,3
1482823307959,150.052,111.759,129.59.105.87,3
1482823308203,193.199,145.379,129.59.105.87,3
1482823308401,188.735,151.127,129.59.105.87,3
1482823308580,171.286,125.922,129.59.105.87,3
1482823308790,177.311,134.308,129.59.105.87,3
1482823308995,184.915,140.815,129.59.105.87,3
1482823309204,193.231,152.633,129.59.105.87,3
1482823309365,153.816,113.237,129.59.105.87,3
1482823309569,155.002,112.923,129.59.105.87,3
1482823309799,187.695,149.192,129.59.105.87,3
1482823309996,183.356,140.259,129.59.105.87,3
1482823310154,142.281,100.72,129.59.105.87,3
1482823310357,142.778,100.386,129.59.105.87,3
1482823310551,139.195,102.777,129.59.105.87,3
1482823310754,141.726,101.734,129.59.105.87,3
1482823310957,144.76,99.963,129.59.105.87,3
1482823311150,137.192,100.503,129.59.105.87,3
1482823311357,143.883,100.835,129.59.105.87,3
1482823311554,139.126,100.298,129.59.105.87,3
1482823311762,148.986,101.258,129.59.105.87,3
1482823311959,142.975,101.971,129.59.105.87,3
1482823312150,136.194,101.493,129.59.105.87,3
1482823312355,140.58,101.627,129.59.105.87,3
1482823312557,142.428,101.531,129.59.105.87,3
1482823312761,146.248,103.506,129.59.105.87,3
1482823312960,146.582,100.937,129.59.105.87,3
1482823313160,143.411,103.96,129.59.105.87,3
1482823313355,141.463,100.828,129.59.105.87,3
1482823313557,139.343,100.219,129.59.105.87,3
1482823313757,141.085,101.075,129.59.105.87,3
1482823313955,139.801,100.627,129.59.105.87,3
1482823314159,143.067,101.904,129.59.105.87,3
1482823314353,137.059,100.714,129.59.105.87,3
1482823314554,138.046,101.872,129.59.105.87,3
1482823314758,138.147,100.581,129.59.105.87,3
1482823314962,145.003,101.42,129.59.105.87,3
1482823315160,141.015,102.496,129.59.105.87,3
1482823315360,142.492,99.825,129.59.105.87,3
1482823315577,160.21,115.042,129.59.105.87,3
1482823315804,186.216,147.312,129.59.105.87,3
1482823316011,192.991,147.713,129.59.105.87,3
1482823316161,144.039,101.059,129.59.105.87,3
1482823316374,152.947,108.522,129.59.105.87,3
1482823316560,141.661,100.512,129.59.105.87,3
1482823316760,142.404,101.359,129.59.105.87,3
1482823316961,142.467,101.235,129.59.105.87,3
1482823317165,145.689,104.117,129.59.105.87,3
1482823317360,140.727,100.242,129.59.105.87,3
1482823317558,138.345,101.343,129.59.105.87,3
1482823317760,140.728,100.092,129.59.105.87,3
1482823317967,144.257,100.61,129.59.105.87,3
1482823318162,141.524,100.649,129.59.105.87,3
1482823318362,138.816,99.204,129.59.105.87,3
1482823318562,141.359,98.616,129.59.105.87,3
1482823318762,141.076,99.875,129.59.105.87,3
1482823318964,143.295,100.037,129.59.105.87,3
1482823319175,153.288,113.611,129.59.105.87,3
1482823319361,139.591,98.837,129.59.105.87,3
1482823319570,145.234,99.633,129.59.105.87,3
1482823319761,139.022,99.117,129.59.105.87,3
1482823319965,143.305,100.667,129.59.105.87,3
1482823320163,140.537,103.038,129.59.105.87,3
1482823320370,147.291,99.702,129.59.105.87,3
1482823320565,142.126,98.762,129.59.105.87,3
1482823320764,140.725,99.461,129.59.105.87,3
1482823320966,142.423,100.506,129.59.105.87,3
1482823321173,146.877,100.106,129.59.105.87,3
1482823321363,139.32,100.691,129.59.105.87,3
1482823321571,144.183,99.379,129.59.105.87,3
1482823321764,140.253,102.087,129.59.105.87,3
1482823321965,141.221,99.567,129.59.105.87,3
1482823322163,138.849,101.022,129.59.105.87,3
1482823322358,133.263,99.987,129.59.105.87,3
1482823322570,145.494,98.85,129.59.105.87,3
1482823322771,143.163,98.948,129.59.105.87,3
1482823322963,137.373,99.119,129.59.105.87,3
1482823323166,140.09,101.032,129.59.105.87,3
1482823323369,143.662,100.088,129.59.105.87,3
1482823323568,142.177,99.87,129.59.105.87,3
1482823323764,139.1,100.143,129.59.105.87,3
1482823323971,144.268,102.023,129.59.105.87,3
1482823324169,142.14,99.801,129.59.105.87,3
1482823324369,143.388,99.662,129.59.105.87,3
1482823324565,137.763,100.597,129.59.105.87,3
1482823324772,141.835,100.755,129.59.105.87,3
1482823324969,141.638,99.612,129.59.105.87,3
1482823325168,140.148,100.627,129.59.105.87,3
1482823325370,141.69,100.324,129.59.105.87,3
1482823325570,142.045,100.446,129.59.105.87,3
1482823325774,145.238,100.077,129.59.105.87,3
1482823325973,141.787,99.64,129.59.105.87,3
1482823326168,139.345,100.331,129.59.105.87,3
1482823326375,144.762,100.658,129.59.105.87,3
1482823326574,145.077,102.767,129.59.105.87,3
1482823326769,139.642,99.852,129.59.105.87,3
1482823326973,144.416,100.938,129.59.105.87,3
1482823327171,141.284,101.577,129.59.105.87,3
1482823327371,140.705,99.906,129.59.105.87,3
1482823327573,142.747,101.044,129.59.105.87,3
1482823327772,141.293,99.589,129.59.105.87,3
1482823327979,144.286,101.139,129.59.105.87,3
1482823328175,144.044,100.055,129.59.105.87,3
1482823328375,143.98,101.318,129.59.105.87,3
1482823328579,147.817,100.532,129.59.105.87,3
1482823328778,146.056,103.931,129.59.105.87,3
1482823328974,142.051,103.299,129.59.105.87,3
1482823329179,144.427,105.453,129.59.105.87,3
1482823329374,141.107,102.119,129.59.105.87,3
1482823329583,149.039,101.728,129.59.105.87,3
1482823329831,197.886,148.859,129.59.105.87,3
1482823329999,160.622,123.344,129.59.105.87,3
1482823330182,143.764,100.404,129.59.105.87,3
1482823330378,140.631,100.869,129.59.105.87,3
1482823330576,137.052,98.451,129.59.105.87,3
1482823330781,140.108,101.039,129.59.105.87,3
1482823330984,146.56,101.778,129.59.105.87,3
1482823331186,145.0,103.295,129.59.105.87,3
1482823331382,142.806,101.152,129.59.105.87,3
1482823331581,141.026,100.443,129.59.105.87,3
1482823331791,150.818,103.015,129.59.105.87,3
1482823331984,143.859,103.718,129.59.105.87,3
1482823332184,143.432,102.152,129.59.105.87,3
1482823332384,142.464,100.592,129.59.105.87,3
1482823332583,141.736,102.472,129.59.105.87,3
1482823332792,152.363,103.313,129.59.105.87,3
1482823332984,143.041,103.302,129.59.105.87,3
1482823333191,149.436,104.629,129.59.105.87,3
1482823333384,141.991,103.263,129.59.105.87,3
1482823333637,196.165,153.473,129.59.105.87,3
1482823333812,172.34,128.553,129.59.105.87,3
1482823333993,145.764,104.622,129.59.105.87,3
1482823334188,143.295,103.097,129.59.105.87,3
1482823334390,144.094,102.003,129.59.105.87,3
1482823334594,148.716,101.264,129.59.105.87,3
1482823334790,145.06,102.327,129.59.105.87,3
1482823334988,142.651,102.523,129.59.105.87,3
1482823335192,145.901,104.728,129.59.105.87,3
1482823335395,148.722,103.234,129.59.105.87,3
1482823335594,146.495,101.89,129.59.105.87,3
1482823335791,144.59,103.99,129.59.105.87,3
1482823335996,147.013,104.578,129.59.105.87,3
1482823336224,178.663,138.125,129.59.105.87,3
1482823336404,157.176,113.247,129.59.105.87,3
1482823336623,175.608,133.0,129.59.105.87,3
1482823336841,193.363,152.801,129.59.105.87,3
1482823337035,186.658,144.988,129.59.105.87,3
1482823337231,178.802,137.524,129.59.105.87,3
1482823337418,168.841,124.824,129.59.105.87,3
1482823337593,143.555,102.258,129.59.105.87,3
1482823337791,141.741,102.663,129.59.105.87,3
1482823337997,147.923,103.872,129.59.105.87,3
1482823338189,139.299,101.966,129.59.105.87,3
1482823338390,139.621,100.594,129.59.105.87,3
1482823338593,142.55,100.458,129.59.105.87,3
1482823338786,136.308,101.208,129.59.105.87,3
1482823339031,180.958,137.987,129.59.105.87,3
1482823339244,191.001,151.494,129.59.105.87,3
1482823339404,154.288,112.041,129.59.105.87,3
1482823339596,144.403,98.377,129.59.105.87,3
1482823339787,135.921,100.556,129.59.105.87,3
1482823339994,142.793,99.709,129.59.105.87,3
1482823340177,124.961,99.599,129.59.105.87,3
1482823340394,138.992,100.165,129.59.105.87,3
1482823340593,141.027,98.509,129.59.105.87,3
1482823340792,138.708,98.511,129.59.105.87,3
1482823340993,140.318,98.009,129.59.105.87,3
1482823341196,143.43,101.321,129.59.105.87,3
1482823341394,141.426,98.674,129.59.105.87,3
1482823341589,135.349,98.525,129.59.105.87,3
1482823341798,144.561,98.313,129.59.105.87,3
1482823341991,137.183,99.036,129.59.105.87,3
1482823342195,141.526,97.635,129.59.105.87,3
1482823342396,140.661,98.086,129.59.105.87,3
1482823342593,139.824,98.077,129.59.105.87,3
1482823342789,134.947,96.805,129.59.105.87,3
1482823342999,144.278,97.054,129.59.105.87,3
1482823343189,135.571,100.007,129.59.105.87,3
1482823343398,143.207,99.153,129.59.105.87,3
1482823343598,140.697,96.942,129.59.105.87,3
1482823343799,143.448,96.998,129.59.105.87,3
1482823343998,140.776,98.07,129.59.105.87,3
1482823344193,136.963,97.137,129.59.105.87,3
1482823344401,144.625,98.033,129.59.105.87,3
1482823344598,141.685,97.332,129.59.105.87,3
1482823344797,140.552,97.178,129.59.105.87,3
1482823345031,174.104,135.178,129.59.105.87,3
1482823345245,187.276,146.337,129.59.105.87,3
1482823345431,173.352,128.899,129.59.105.87,3
1482823345609,148.175,108.301,129.59.105.87,3
1482823345797,139.638,97.628,129.59.105.87,3
1482823345994,136.201,96.745,129.59.105.87,3
1482823346200,141.852,96.856,129.59.105.87,3
1482823346402,144.593,99.11,129.59.105.87,3
1482823346596,137.877,95.886,129.59.105.87,3
1482823346794,132.74,95.268,129.59.105.87,3
1482823346992,134.741,96.32,129.59.105.87,3
1482823347198,136.945,97.975,129.59.105.87,3
1482823347450,191.027,140.999,129.59.105.87,3
1482823347651,193.653,147.364,129.59.105.87,3
1482823347832,171.9,128.636,129.59.105.87,3
1482823348033,172.835,130.214,129.59.105.87,3
1482823348235,174.749,139.284,129.59.105.87,3
1482823348449,187.864,144.413,129.59.105.87,3
1482823348629,168.072,128.093,129.59.105.87,3
1482823348835,170.615,130.768,129.59.105.87,3
1482823349026,165.535,125.304,129.59.105.87,3
1482823349248,186.675,144.689,129.59.105.87,3
1482823349440,178.114,137.765,129.59.105.87,3
1482823349613,151.093,108.714,129.59.105.87,3
1482823349801,139.537,99.43,129.59.105.87,3
1482823350004,138.926,98.557,129.59.105.87,3
1482823350202,141.177,98.657,129.59.105.87,3
1482823350404,139.217,98.563,129.59.105.87,3
1482823350606,143.382,98.064,129.59.105.87,3
1482823350803,141.557,98.151,129.59.105.87,3
1482823351004,140.907,98.754,129.59.105.87,3
1482823351231,167.544,119.024,129.59.105.87,3
1482823351456,192.567,148.453,129.59.105.87,3
1482823351650,185.163,141.6,129.59.105.87,3
1482823351805,141.168,98.408,129.59.105.87,3
1482823352009,143.311,100.014,129.59.105.87,3
1482823352206,141.572,99.746,129.59.105.87,3
1482823352403,138.902,98.8,129.59.105.87,3
1482823352606,141.107,98.394,129.59.105.87,3
1482823352810,145.728,98.064,129.59.105.87,3
1482823353005,139.869,97.628,129.59.105.87,3
1482823353216,147.051,105.114,129.59.105.87,3
1482823353419,153.483,113.386,129.59.105.87,3
1482823353654,184.967,146.045,129.59.105.87,3
1482823353850,184.074,144.491,129.59.105.87,3
1482823354016,149.708,107.001,129.59.105.87,3
1482823354207,140.653,99.573,129.59.105.87,3
1482823354406,139.561,99.614,129.59.105.87,3
1482823354603,138.187,99.936,129.59.105.87,3
1482823354812,143.281,101.438,129.59.105.87,3
1482823355045,177.757,137.835,129.59.105.87,3
1482823355261,191.225,148.88,129.59.105.87,3
1482823355447,178.932,133.001,129.59.105.87,3
1482823355629,159.978,115.577,129.59.105.87,3
1482823355846,177.528,135.237,129.59.105.87,3
1482823356062,192.853,146.777,129.59.105.87,3
1482823356245,175.795,131.273,129.59.105.87,3
1482823356415,143.635,99.527,129.59.105.87,3
1482823356638,169.635,130.262,129.59.105.87,3
1482823356857,184.971,144.89,129.59.105.87,3
1482823357045,175.292,137.278,129.59.105.87,3
1482823357247,177.824,130.244,129.59.105.87,3
1482823357440,170.21,128.992,129.59.105.87,3
1482823357618,147.409,97.734,129.59.105.87,3
1482823357813,142.003,98.208,129.59.105.87,3
1482823358012,139.826,97.899,129.59.105.87,3
1482823358255,183.453,144.734,129.59.105.87,3
1482823358458,183.829,144.007,129.59.105.87,3
1482823358634,162.839,120.445,129.59.105.87,3
1482823358843,172.949,129.377,129.59.105.87,3
1482823359012,139.548,97.443,129.59.105.87,3
1482823359210,138.256,96.139,129.59.105.87,3
1482823359407,134.651,95.756,129.59.105.87,3
1482823359610,135.696,95.856,129.59.105.87,3
1482823359809,136.302,97.118,129.59.105.87,3
1482823360013,137.047,96.107,129.59.105.87,3
1482823360206,132.595,96.564,129.59.105.87,3
1482823360413,141.262,96.454,129.59.105.87,3
1482823360610,135.927,94.556,129.59.105.87,3
1482823360814,140.216,96.987,129.59.105.87,3
1482823361013,140.158,95.741,129.59.105.87,3
1482823361214,138.029,97.722,129.59.105.87,3
1482823361420,145.75,99.384,129.59.105.87,3
1482823361610,135.847,95.853,129.59.105.87,3
1482823361814,139.574,95.85,129.59.105.87,3
1482823362010,134.58,97.062,129.59.105.87,3
1482823362212,137.102,96.143,129.59.105.87,3
1482823362416,140.462,98.028,129.59.105.87,3
1482823362613,137.013,95.868,129.59.105.87,3
1482823362819,140.825,96.863,129.59.105.87,3
1482823363016,140.295,95.006,129.59.105.87,3
1482823363217,137.609,96.386,129.59.105.87,3
1482823363415,137.808,96.514,129.59.105.87,3
1482823363613,136.271,97.073,129.59.105.87,3
1482823363816,139.349,95.743,129.59.105.87,3
1482823364014,136.296,97.327,129.59.105.87,3
1482823364217,140.32,96.453,129.59.105.87,3
1482823364421,141.422,96.997,129.59.105.87,3
1482823364654,175.705,140.094,129.59.105.87,3
1482823364861,183.077,144.25,129.59.105.87,3
1482823365024,146.248,104.613,129.59.105.87,3
1482823365218,139.693,100.461,129.59.105.87,3
1482823365417,139.772,97.232,129.59.105.87,3
1482823365619,139.682,96.066,129.59.105.87,3
1482823365816,136.645,97.06,129.59.105.87,3
1482823366043,161.579,119.316,129.59.105.87,3
1482823366266,186.566,144.594,129.59.105.87,3
1482823366463,180.43,137.858,129.59.105.87,3
1482823366627,146.563,105.79,129.59.105.87,3
1482823366841,160.364,119.864,129.59.105.87,3
1482823367067,186.094,141.532,129.59.105.87,3
1482823367254,173.091,133.1,129.59.105.87,3
1482823367422,141.108,98.202,129.59.105.87,3
1482823367623,139.895,95.626,129.59.105.87,3
1482823367819,137.328,96.029,129.59.105.87,3
1482823368022,139.976,96.786,129.59.105.87,3
1482823368222,139.924,97.262,129.59.105.87,3
1482823368419,136.613,98.232,129.59.105.87,3
1482823368619,137.842,95.273,129.59.105.87,3
1482823368815,132.978,95.829,129.59.105.87,3
1482823369023,140.468,95.824,129.59.105.87,3
1482823369222,139.656,97.119,129.59.105.87,3
1482823369424,140.374,96.68,129.59.105.87,3
1482823369619,132.869,96.617,129.59.105.87,3
1482823369821,137.765,97.073,129.59.105.87,3
1482823370014,130.303,96.387,129.59.105.87,3
1482823370222,138.275,97.927,129.59.105.87,3
1482823370423,138.552,95.86,129.59.105.87,3
1482823370622,137.882,96.414,129.59.105.87,3
1482823370823,136.582,95.606,129.59.105.87,3
1482823371024,139.272,96.618,129.59.105.87,3
1482823371246,160.234,116.305,129.59.105.87,3
1482823371425,139.956,96.256,129.59.105.87,3
1482823371623,137.691,97.402,129.59.105.87,3
1482823371826,141.02,96.462,129.59.105.87,3
1482823372022,136.096,97.382,129.59.105.87,3
1482823372222,135.817,97.509,129.59.105.87,3
1482823372466,180.116,142.503,129.59.105.87,3
1482823372672,184.966,146.005,129.59.105.87,3
1482823372832,142.38,97.368,129.59.105.87,3
1482823373024,139.034,97.85,129.59.105.87,3
1482823373226,138.622,98.708,129.59.105.87,3
1482823373425,137.551,98.314,129.59.105.87,3
1482823373630,142.483,97.784,129.59.105.87,3
1482823373855,167.516,127.314,129.59.105.87,3
1482823374074,183.913,144.904,129.59.105.87,3
1482823374260,172.094,126.368,129.59.105.87,3
1482823374431,141.498,99.08,129.59.105.87,3
1482823374627,137.742,98.187,129.59.105.87,3
1482823374829,140.408,96.827,129.59.105.87,3
1482823375031,142.573,96.806,129.59.105.87,3
1482823375231,142.012,100.34,129.59.105.87,3
1482823375431,141.466,98.26,129.59.105.87,3
1482823375630,141.022,97.976,129.59.105.87,3
1482823375833,142.688,100.135,129.59.105.87,3
1482823376033,140.373,99.945,129.59.105.87,3
1482823376227,137.827,98.593,129.59.105.87,3
1482823376435,144.001,98.868,129.59.105.87,3
1482823376630,138.547,100.175,129.59.105.87,3
1482823376836,145.09,99.633,129.59.105.87,3
1482823377035,143.407,100.161,129.59.105.87,3
1482823377234,139.333,100.739,129.59.105.87,3
1482823377432,140.411,101.93,129.59.105.87,3
1482823377644,150.488,100.484,129.59.105.87,3
1482823377838,145.939,103.228,129.59.105.87,3
1482823378038,145.516,102.394,129.59.105.87,3
1482823378235,142.824,102.854,129.59.105.87,3
1482823378441,147.755,102.537,129.59.105.87,3
1482823378631,138.047,100.544,129.59.105.87,3
1482823378835,141.656,101.782,129.59.105.87,3
1482823379045,151.053,112.191,129.59.105.87,3
1482823379245,150.845,107.736,129.59.105.87,3
1482823379435,141.727,102.003,129.59.105.87,3
1482823379640,145.643,101.183,129.59.105.87,3
1482823379835,140.828,101.981,129.59.105.87,3
1482823380036,143.075,101.012,129.59.105.87,3
1482823380240,144.777,102.108,129.59.105.87,3
1482823380438,140.652,103.092,129.59.105.87,3
1482823380635,139.24,102.09,129.59.105.87,3
1482823380842,144.758,102.911,129.59.105.87,3
1482823381042,146.023,101.476,129.59.105.87,3
1482823381247,150.506,105.88,129.59.105.87,3
1482823381439,142.71,103.847,129.59.105.87,3
1482823381641,147.128,104.309,129.59.105.87,3
1482823381842,145.474,103.993,129.59.105.87,3
1482823382046,149.536,105.773,129.59.105.87,3
1482823382242,145.213,104.441,129.59.105.87,3
1482823382501,201.627,155.425,129.59.105.87,3
1482823382688,181.605,142.653,129.59.105.87,3
1482823382855,146.638,104.388,129.59.105.87,3
1482823383058,149.469,107.268,129.59.105.87,3
1482823383250,142.68,105.948,129.59.105.87,3
1482823383460,150.804,104.304,129.59.105.87,3
1482823383653,139.742,104.232,129.59.105.87,3
1482823383855,145.818,102.963,129.59.105.87,3
1482823384057,144.604,104.707,129.59.105.87,3
1482823384258,147.351,104.471,129.59.105.87,3
1482823384458,147.658,105.062,129.59.105.87,3
1482823384659,148.509,102.363,129.59.105.87,3
1482823384857,146.559,105.224,129.59.105.87,3
1482823385056,144.734,104.612,129.59.105.87,3
1482823385262,148.486,106.855,129.59.105.87,3
1482823385457,146.045,103.632,129.59.105.87,3
1482823385656,145.647,103.937,129.59.105.87,3
1482823385859,147.663,104.411,129.59.105.87,3
1482823386063,150.991,105.4,129.59.105.87,3
1482823386255,142.707,103.723,129.59.105.87,3
1482823386457,144.758,105.865,129.59.105.87,3
1482823386653,140.166,103.901,129.59.105.87,3
1482823386863,147.112,102.225,129.59.105.87,3
1482823387055,142.242,103.186,129.59.105.87,3
1482823387260,143.972,104.679,129.59.105.87,3
1482823387460,145.996,104.554,129.59.105.87,3
1482823387658,144.653,101.588,129.59.105.87,3
1482823387862,147.833,103.311,129.59.105.87,3
1482823388061,147.129,103.557,129.59.105.87,3
1482823388260,145.645,104.56,129.59.105.87,3
1482823388469,151.564,102.409,129.59.105.87,3
1482823388651,136.256,102.58,129.59.105.87,3
1482823388866,152.311,104.346,129.59.105.87,3
1482823389060,144.578,103.742,129.59.105.87,3
1482823389260,143.554,104.197,129.59.105.87,3
1482823389460,144.494,103.677,129.59.105.87,3
1482823389661,143.666,103.814,129.59.105.87,3
1482823389857,141.33,102.521,129.59.105.87,3
1482823390068,149.302,103.88,129.59.105.87,3
1482823390261,144.499,104.113,129.59.105.87,3
1482823390466,147.346,103.131,129.59.105.87,3
1482823390659,142.285,104.485,129.59.105.87,3
1482823390864,147.354,103.102,129.59.105.87,3
1482823391063,146.088,104.647,129.59.105.87,3
1482823391277,159.525,115.54,129.59.105.87,3
1482823391515,197.958,150.943,129.59.105.87,3
1482823391717,194.785,154.915,129.59.105.87,3
1482823391906,181.959,137.677,129.59.105.87,3
1482823392101,173.587,131.702,129.59.105.87,3
1482823392309,184.603,141.353,129.59.105.87,3
1482823392518,194.011,153.717,129.59.105.87,3
1482823392693,166.971,127.753,129.59.105.87,3
1482823392869,143.334,103.905,129.59.105.87,3
1482823393070,144.919,104.829,129.59.105.87,3
1482823393277,148.136,103.556,129.59.105.87,3
1482823393479,152.859,102.818,129.59.105.87,3
1482823393684,157.282,113.029,129.59.105.87,3
1482823393870,143.352,102.081,129.59.105.87,3
1482823394068,141.2,100.945,129.59.105.87,3
1482823394273,145.967,101.023,129.59.105.87,3
1482823394485,157.548,113.609,129.59.105.87,3
1482823394723,195.574,148.188,129.59.105.87,3
1482823394925,192.292,151.328,129.59.105.87,3
1482823395107,174.85,133.473,129.59.105.87,3
1482823395308,174.562,135.662,129.59.105.87,3
1482823395474,141.827,102.326,129.59.105.87,3
1482823395677,143.683,101.488,129.59.105.87,3
1482823395902,168.827,130.683,129.59.105.87,3
1482823396077,144.083,101.165,129.59.105.87,3
1482823396323,189.688,147.748,129.59.105.87,3
1482823396523,188.575,150.163,129.59.105.87,3
1482823396690,156.344,115.715,129.59.105.87,3
1482823396878,142.831,102.229,129.59.105.87,3
1482823397120,186.323,145.454,129.59.105.87,3
1482823397332,196.87,153.716,129.59.105.87,3
1482823397506,167.469,125.403,129.59.105.87,3
1482823397686,146.762,112.06,129.59.105.87,3
1482823397918,179.36,140.875,129.59.105.87,3
1482823398132,191.185,149.195,129.59.105.87,3
1482823398295,150.52,110.173,129.59.105.87,3
1482823398486,148.139,109.843,129.59.105.87,3
1482823398724,183.57,142.147,129.59.105.87,3
1482823398933,192.093,151.42,129.59.105.87,3
1482823399094,152.983,111.681,129.59.105.87,3
1482823399280,138.699,101.301,129.59.105.87,3
1482823399532,190.612,148.297,129.59.105.87,3
1482823399731,186.998,145.991,129.59.105.87,3
1482823399894,152.783,111.218,129.59.105.87,3
1482823400104,160.65,115.788,129.59.105.87,3
1482823400337,194.622,147.278,129.59.105.87,3
1482823400528,185.08,148.101,129.59.105.87,3
1482823400710,165.853,131.182,129.59.105.87,3
1482823400897,152.427,112.231,129.59.105.87,3
1482823401114,171.215,130.404,129.59.105.87,3
1482823401284,138.206,100.328,129.59.105.87,3
1482823401483,137.71,96.612,129.59.105.87,3
1482823401687,142.539,100.165,129.59.105.87,3
1482823401881,136.272,100.22,129.59.105.87,3
1482823402091,145.415,98.678,129.59.105.87,3
1482823402287,141.459,98.62,129.59.105.87,3
1482823402492,147.456,110.987,129.59.105.87,3
1482823402702,156.105,113.748,129.59.105.87,3
1482823402941,191.771,148.764,129.59.105.87,3
1482823403130,184.048,140.009,129.59.105.87,3
1482823403324,174.621,132.09,129.59.105.87,3
1482823403513,164.424,119.236,129.59.105.87,3
1482823403693,144.095,98.524,129.59.105.87,3
1482823403885,136.009,99.986,129.59.105.87,3
1482823404102,152.228,109.854,129.59.105.87,3
1482823404328,178.677,132.847,129.59.105.87,3
1482823404543,193.438,147.274,129.59.105.87,3
1482823404714,163.426,127.72,129.59.105.87,3
1482823404891,138.578,99.364,129.59.105.87,3
1482823405118,168.849,125.788,129.59.105.87,3
1482823405339,192.138,150.025,129.59.105.87,3
1482823405521,169.486,127.716,129.59.105.87,3
1482823405704,151.971,109.917,129.59.105.87,3
1482823405888,136.174,100.197,129.59.105.87,3
1482823406099,143.87,99.901,129.59.105.87,3
1482823406297,144.963,100.061,129.59.105.87,3
1482823406527,173.767,132.995,129.59.105.87,3
1482823406695,142.461,99.431,129.59.105.87,3
1482823406893,140.1,100.046,129.59.105.87,3
1482823407104,151.425,100.41,129.59.105.87,3
1482823407312,158.012,111.816,129.59.105.87,3
1482823407490,135.902,100.3,129.59.105.87,3
1482823407699,144.748,100.678,129.59.105.87,3
1482823407900,146.204,100.272,129.59.105.87,3
1482823408092,136.843,100.098,129.59.105.87,3
1482823408292,138.89,100.714,129.59.105.87,3
1482823408503,148.517,101.871,129.59.105.87,3
1482823408699,144.092,100.71,129.59.105.87,3
1482823408895,141.301,102.583,129.59.105.87,3
1482823409093,137.174,100.572,129.59.105.87,3
1482823409303,146.798,101.824,129.59.105.87,3
1482823409502,145.914,102.956,129.59.105.87,3
1482823409699,142.076,101.586,129.59.105.87,3
1482823409897,140.748,99.725,129.59.105.87,3
1482823410094,137.539,99.9,129.59.105.87,3
1482823410299,142.087,99.464,129.59.105.87,3
1482823410496,138.59,100.068,129.59.105.87,3
1482823410702,144.937,98.941,129.59.105.87,3
1482823410904,146.138,100.06,129.59.105.87,3
1482823411098,140.782,98.457,129.59.105.87,3
1482823411300,139.654,99.799,129.59.105.87,3
1482823411506,149.244,101.677,129.59.105.87,3
1482823411693,135.281,98.944,129.59.105.87,3
1482823411895,136.802,98.61,129.59.105.87,3
1482823412097,139.769,98.035,129.59.105.87,3
1482823412301,142.008,99.84,129.59.105.87,3
1482823412501,139.718,99.937,129.59.105.87,3
1482823412699,140.118,99.104,129.59.105.87,3
1482823412901,140.144,98.054,129.59.105.87,3
1482823413108,148.204,99.061,129.59.105.87,3
1482823413301,141.412,98.587,129.59.105.87,3
1482823413499,139.149,97.101,129.59.105.87,3
1482823413697,139.502,97.686,129.59.105.87,3
1482823413898,137.742,96.014,129.59.105.87,3
1482823414107,145.497,97.673,129.59.105.87,3
1482823414302,140.751,96.727,129.59.105.87,3
1482823414505,140.836,97.349,129.59.105.87,3
1482823414698,136.835,97.299,129.59.105.87,3
1482823414900,138.648,96.733,129.59.105.87,3
1482823415100,138.864,96.302,129.59.105.87,3
1482823415298,137.407,97.606,129.59.105.87,3
1482823415499,137.41,96.456,129.59.105.87,3
1482823415705,140.285,96.233,129.59.105.87,3
1482823415904,142.52,95.652,129.59.105.87,3
1482823416135,169.607,129.38,129.59.105.87,3
1482823416305,141.828,97.584,129.59.105.87,3
1482823416498,134.7,96.999,129.59.105.87,3
1482823416699,135.918,95.714,129.59.105.87,3
